{
    "metrics": {
        "http_req_blocked": {
            "p(95)": 0,
            "p(99)": 0,
            "p(50)": 0
        },
        "http_req_waiting": {
            "p(50)": 15.6458,
            "p(95)": 77.0107,
            "p(99)": 139.7329
        },
        "http_req_tls_handshaking": {
            "p(95)": 0,
            "p(99)": 0,
            "p(50)": 0
        },
        "vus_max": {
            "min": 100,
            "max": 100,
            "value": 100
        },
        "iteration_duration": {
            "p(50)": 1016.8716,
            "p(95)": 1080.0046,
            "p(99)": 1141.3271
        },
        "iterations": {
            "count": 11701,
            "rate": 96.72031776280431
        },
        "http_reqs": {
            "count": 11701,
            "rate": 96.72031776280431
        },
        "http_req_duration{expected_response:true}": {
            "p(50)": 269.01005,
            "p(95)": 382.99486499999995,
            "p(99)": 425.81164
        },
        "http_req_failed": {
            "fails": 40,
            "passes": 11661,
            "value": 0.9965814887616443
        },
        "http_req_sending": {
            "p(99)": 1.3488,
            "p(50)": 0,
            "p(95)": 0.5362
        },
        "vus": {
            "value": 100,
            "min": 100,
            "max": 100
        },
        "data_sent": {
            "rate": 5164.068127355019,
            "count": 624737
        },
        "http_req_duration": {
            "p(95)": 78.0833,
            "p(99)": 140.4701,
            "p(50)": 15.8688
        },
        "checks": {
            "fails": 11661,
            "passes": 11741,
            "value": 0.5017092556191779
        },
        "http_req_connecting": {
            "p(50)": 0,
            "p(95)": 0,
            "p(99)": 0
        },
        "data_received": {
            "rate": 60998.48980742098,
            "count": 7379456
        },
        "http_req_receiving": {
            "p(50)": 0,
            "p(95)": 1.5216,
            "p(99)": 2.9495
        }
    },
    "root_group": {
        "name": "",
        "path": "",
        "id": "d41d8cd98f00b204e9800998ecf8427e",
        "groups": {},
        "checks": {
                "status is 200": {
                    "path": "::status is 200",
                    "id": "6210a8cd14cd70477eba5c5e4cb3fb5f",
                    "passes": 40,
                    "fails": 11661,
                    "name": "status is 200"
                },
                "has body": {
                    "name": "has body",
                    "path": "::has body",
                    "id": "28dd0656b9726bb64162042fc8e01a34",
                    "passes": 11701,
                    "fails": 0
                }
            }
    }
}